{"stat.pickup.jatma.ChargedCrystal":52,"stat.walkOneCm":61435,"stat.pickup.minecraft.diamond_pickaxe":1,"stat.leaveGame":49,"stat.useItem.jatma.Crystal":68,"stat.useItem.enderio.blockStirlingGenerator":8,"stat.useItem.enderio.blockCapBank":2,"stat.pickup.minecraft.string":2,"stat.jump":132,"stat.swimOneCm":276,"stat.fallOneCm":1010,"stat.drop.jatma.Crystal":1,"stat.useItem.jatma.SawMill":5,"stat.drop.jatma.ChargedCrystal":9,"stat.crouchOneCm":7516,"stat.useItem.minecraft.dirt":158,"stat.pickup.minecraft.dirt":2,"stat.sprintOneCm":6241,"stat.useItem.minecraft.tallgrass":1,"achievement.exploreAllBiomes":{"value":0,"progress":["Beach","River","Plains"]},"stat.mineBlock.jatma.Crystal":46,"achievement.openInventory":57,"stat.killEntity.Spider":1,"stat.useItem.minecraft.diamond_pickaxe":61,"stat.mobKills":1,"stat.flyOneCm":24373,"stat.pickup.minecraft.wheat_seeds":1,"stat.pickup.minecraft.diamond":35,"stat.drop":11,"stat.playOneMinute":151573,"stat.pickup.jatma.Crystal":4,"stat.pickup.jatma.SawMill":1,"stat.sneakTime":3569,"stat.damageDealt":158,"stat.timeSinceDeath":151573,"stat.mineBlock.minecraft.dirt":2,"stat.drop.minecraft.diamond_pickaxe":1}