{"stat.chestOpened":1,"stat.walkOneCm":5135,"stat.useItem.minecraft.chest":3,"achievement.openInventory":14,"stat.leaveGame":4,"stat.mineBlock.enderio.blockConduitBundle":4,"stat.pickup.enderio.itemPowerConduit":4,"stat.useItem.jatma.TestBlock":3,"stat.useItem.enderio.blockCapBank":2,"stat.jump":6,"stat.playOneMinute":5180,"stat.sneakTime":341,"stat.useItem.enderio.itemPowerConduit":9,"stat.crouchOneCm":194,"stat.timeSinceDeath":5180,"stat.sprintOneCm":141,"achievement.exploreAllBiomes":{"value":0,"progress":["Ice Plains","Cold Beach"]}}