{"stat.pickup.jatma.ChargedCrystal":52,"stat.walkOneCm":62484,"stat.pickup.minecraft.diamond_pickaxe":1,"stat.leaveGame":55,"stat.useItem.jatma.Crystal":68,"stat.useItem.enderio.blockStirlingGenerator":8,"stat.useItem.enderio.blockCapBank":2,"stat.pickup.minecraft.string":2,"stat.jump":135,"stat.swimOneCm":276,"stat.fallOneCm":1010,"stat.drop.jatma.Crystal":1,"stat.useItem.jatma.SawMill":1,"stat.drop.jatma.ChargedCrystal":9,"stat.crouchOneCm":7548,"stat.useItem.minecraft.dirt":159,"stat.pickup.minecraft.dirt":2,"stat.sprintOneCm":6241,"stat.useItem.minecraft.tallgrass":1,"achievement.exploreAllBiomes":{"value":0,"progress":["Beach","River","Plains"]},"stat.mineBlock.jatma.Crystal":46,"achievement.openInventory":66,"stat.killEntity.Spider":1,"stat.useItem.minecraft.diamond_pickaxe":61,"stat.mobKills":1,"stat.flyOneCm":25211,"stat.pickup.minecraft.wheat_seeds":1,"stat.pickup.minecraft.diamond":35,"stat.drop":11,"stat.playOneMinute":211157,"stat.pickup.jatma.Crystal":4,"stat.sneakTime":3592,"stat.damageDealt":158,"stat.timeSinceDeath":211157,"stat.mineBlock.minecraft.dirt":2,"stat.drop.minecraft.diamond_pickaxe":1}